[
  { "country": "افغانستان", "capital": "كابول" },
  { "country": "فلسطين", "capital": "القدس" },
  { "country": "الجزائر", "capital": "الجزائر" },
  { "country": "النمسا", "capital": "فيينا" },
  { "country": "البحرين", "capital": "المنامة" },
  { "country": "الصين", "capital": "بكين" },
  { "country": "جيبوتي", "capital": "جيبوتي" },
  { "country": "الاردن", "capital": "عمان" },
  { "country": "مصر", "capital": "القاهرة" },
  { "country": "فرنسا", "capital": "باريس" },
  { "country": "الهند", "capital": "نيودلهي" },
  { "country": "العراق", "capital": "بغداد" },
  { "country": "اليابان", "capital": "طوكيو" },
  { "country": "الكويت", "capital": "الكويت" },
  { "country": "لبنان", "capital": "بيروت" },
  { "country": "ليبيا", "capital": "طرابلس" },
  { "country": "مكسيك", "capital": "مكسيكو" },
  { "country": "المغرب", "capital": "الرباط" },
  { "country": "قطر", "capital": "الدوحة" },
  { "country": "اسبانيا", "capital": "مدريد" },
  { "country": "سوريا", "capital": "دمشق" },
  { "country": "الامارات", "capital": "ابوظبي" },
  { "country": "فتنام", "capital": "هانوري" },
  { "country": "بوليفيا", "capital": "لاباز" },
  { "country": "الإكوادور", "capital": "كيتو" },
  { "country": "بوتان", "capital": "تيمفو" },
  { "country": "كولومبيا", "capital": "بوغوتا" },
  { "country": "إثيوبيا", "capital": "اديس ابابا" },
  { "country": "إريتريا", "capital": "اسمرة" },
  { "country": "اليمن", "capital": "صنعاء" },
  { "country": "كينيا", "capital": "نيروبي" },
  { "country": "ناميبيا", "capital": "ويندهوك" },
  { "country": "ليسوتو", "capital": "ماسيرو" },
  { "country": "رواندا", "capital": "كيغالي" },
  { "country": "البيرو", "capital": "ليما" },
  { "country": "غواتيمالا", "capital": "غواتيمالا" },
  { "country": "زيمبابوي", "capital": "هراري" },
  { "country": "نيبال", "capital": "كاتماندو" },
  { "country": "منغوليا", "capital": "اولان باتور" },
  { "country": "مدغشقر", "capital": "انتاناناريفو" },
  { "country": "جنوب أفريقيا", "capital": "بريتوريا" },
  { "country": "زامبيا", "capital": "لوساكا" },
  { "country": "سوازيلاند", "capital": "مبابان" },
  { "country": "أوغندا", "capital": "كامبالا" },
  { "country": "كوستاريكا", "capital": "سان خوسيه" },
  { "country": "إيران", "capital": "طهران" },
  { "country": "تنزانيا", "capital": "دودوما" },
  { "country": "البرازيل", "capital": "برازيليا" },
  { "country": "مالاوي", "capital": "ليلونغوي" },
  { "country": "أندورا", "capital": "اندورا لا فيلا" },
  { "country": "هندوراس", "capital": "تيجوسيجالبا" },
  { "country": "ارمينيا", "capital": "يريفان" },
  { "country": "بوتسوانا", "capital": "جابورون" },
  { "country": "تركيا", "capital": "انقرة" },
  { "country": "فنزويلا", "capital": "كاراكاس" },
  { "country": "بوروندي", "capital": "بوجومبورا" },
  { "country": "طاجيكستان", "capital": "دوشنبة" },
  { "country": "نيجيريا", "capital": "ابوجا" },
  { "country": "قرغيزستان", "capital": "بيشكيك" },
  { "country": "الأردن", "capital": "عمان" },
  { "country": "الكاميرون", "capital": "ياوندي" },
  { "country": "إسبانيا", "capital": "مدريد" },
  { "country": "السلفادور", "capital": "سان سلفادور" },
  { "country": "السعودية", "capital": "الرياض" },
  { "country": "أستراليا", "capital": "كانبرا" },
  { "country": "بلغاريا", "capital": "صوفيا" },
  { "country": "سويسرا", "capital": "برن" },
  {  "country": "تشيلي", "capital": "سانتياغو" },
  {  "country": "البوسنة والهرسك", "capital": "سراييفو" },
  {  "country": "باكستان", "capital": "إسلام آباد" },
  {  "country": "أوزبكستان", "capital": "طشقند" },
  {  "country": "ليختنشتاين", "capital": "فادوز" },
  {  "country": "جورجيا", "capital": "تفليس" },
  {  "country": "السودان", "capital": "الخرطوم" },
  {  "country": "جمهورية أفريقيا الوسطى", "capital": "بانغي" },
  {  "country": "مالي", "capital": "باماكو" },
  {  "country": "كازاخستان", "capital": "نور سلطان" },
  {  "country": "سان مارينو", "capital": "سان مارينو" },
  {  "country": "بوركينا فاسو", "capital": "واغادوغو" },
  {  "country": "تشاد", "capital": "انجمينا" },
  {  "country": "كندا", "capital": "أوتاوا" },
  { "country": "المانيا", "capital": "برلين" },
  {  "country": "الصومال", "capital": "مقديشو" },
  { "country": "الإمارات العربية المتحدة", "capital": "ابوظبي" },
  { "country": "موريتانيا", "capital": "نواكشوط" },
  { "country": "تونس", "capital": "تونس" },
  { "country": "الولايات المتحدة", "capital": "واشنطن" }
]