[
  {
    "singular": "لُؤلُؤة",
    "plural": "لآلئ"
  },
  {
    "singular": "ملعقة",
    "plural": "ملاعق"
  },
  {
    "singular": "مرحلة",
    "plural": "مراحل"
  },
  {
    "singular": "قائمة",
    "plural": "قوائم"
  },
  {
    "singular": "طابع",
    "plural": "طوابع"
  },
  {
    "singular": "اول",
    "plural": "اوائل"
  },
  {
    "singular": "قريب",
    "plural": "اقارب"
  },
  {
    "singular": "جامع",
    "plural": "جوامع"
  },
  {
    "singular": "مئذنة",
    "plural": "مآذن"
  },
  {
    "singular": "فاكهة",
    "plural": "فواكه"
  },
  {
    "singular": "مسجد",
    "plural": "مساجد"
  },
  {
    "singular": "شارع",
    "plural": "شوارع"
  },
  {
    "singular": "مسبح",
    "plural": "مسابح"
  },
  {
    "singular": "هاتف",
    "plural": "هواتف"
  },
  {
    "singular": "حديقة",
    "plural": "حدائق"
  },
  {
    "singular": "مسرح",
    "plural": "مسارح"
  },
  {
    "singular": "مشكلة",
    "plural": "مشاكل"
  },
  {
    "singular": "رسالة",
    "plural": "رسائل"
  },
  {
    "singular": "وظيفة",
    "plural": "وظائف"
  },
  {
    "singular": "جريمة",
    "plural": "جرائم"
  },
  {
    "singular": "مرتبة",
    "plural": "مراتب"
  },
  {
    "singular": "مدرسة",
    "plural": "مدارس"
  },
  {
    "singular": "متجر",
    "plural": "متاجر"
  },
  {
    "singular": "مائدة",
    "plural": "موائد"
  },
  {
    "singular": "منطقة",
    "plural": "مناطق"
  },
  {
    "singular": "كرسي",
    "plural": "كراسي"
  }
]